Trial,Mass,Un-Mass,Gravity-Force,Pull-Force,Un-Force,Angle,Un-Angle,TypeofForce,Date
1,556.4,0.1,5456.0584,0.895,0.01,0,0.05,B,10/24/24
2,556.4,0.1,5456.0584,0.935,0.01,0,0.05,B,10/24/24
3,556.4,0.1,5456.0584,0.838,0.01,0,0.05,B,10/24/24
4,556.4,0.1,5456.0584,0.915,0.01,0,0.05,B,10/24/24
5,556.4,0.1,5456.0584,0.843,0.01,0,0.05,B,10/24/24
6,556.4,0.1,5456.0584,0.613,0.036,0,0.05,C,10/24/24
7,556.4,0.1,5456.0584,0.623,0.031,0,0.05,C,10/24/24
8,556.4,0.1,5456.0584,0.621,0.032,0,0.05,C,10/24/24
9,556.4,0.1,5456.0584,0.65,0.025,0,0.05,C,10/24/24
10,556.4,0.1,5456.0584,0.63,0.029,0,0.05,C,10/24/24
11,956.4,1,9378.4584,1.67,0.01,0,0.05,B,10/24/24
12,956.4,1,9378.4584,1.666,0.01,0,0.05,B,10/24/24
13,956.4,1,9378.4584,1.666,0.01,0,0.05,B,10/24/24
14,956.4,1,9378.4584,1.661,0.01,0,0.05,B,10/24/24
15,956.4,1,9378.4584,1.452,0.01,0,0.05,B,10/24/24
16,956.4,1,9378.4584,1.106,0.046,0,0.05,C,10/24/24
17,956.4,1,9378.4584,1.085,0.05,0,0.05,C,10/24/24
18,956.4,1,9378.4584,1.127,0.04,0,0.05,C,10/24/24
19,956.4,1,9378.4584,1.124,0.042,0,0.05,C,10/24/24
20,956.4,1,9378.4584,1.125,0.047,0,0.05,C,10/24/24
21,5556.4,10,54486.0584,13.79,0.05,0,0.05,B,10/24/24
22,5556.4,10,54486.0584,14.29,0.05,0,0.05,B,10/24/24
23,5556.4,10,54486.0584,13.02,0.05,0,0.05,B,10/24/24
24,5556.4,10,54486.0584,13.33,0.05,0,0.05,B,10/24/24
25,5556.4,10,54486.0584,14.32,0.05,0,0.05,B,10/24/24
26,5556.4,10,54486.0584,7,0.263,0,0.05,C,10/24/24
27,5556.4,10,54486.0584,6.9,0.123,0,0.05,C,10/24/24
28,5556.4,10,54486.0584,7.05,0.223,0,0.05,C,10/24/24
29,5556.4,10,54486.0584,7.22,0.193,0,0.05,C,10/24/24
30,5556.4,10,54486.0584,6.72,0.168,0,0.05,C,10/24/24
31,556.4,0.1,5456.0584,3.22,0.01,7.89,0.05,B,10/24/24
32,556.4,0.1,5456.0584,3.48,0.01,7.89,0.05,B,10/24/24
33,556.4,0.1,5456.0584,3.354,0.01,7.89,0.05,B,10/24/24
34,556.4,0.1,5456.0584,3.243,0.01,7.89,0.05,B,10/24/24
35,556.4,0.1,5456.0584,3.175,0.01,7.89,0.05,B,10/24/24
36,556.4,0.1,5456.0584,2.9,0.028,7.89,0.05,C,10/24/24
37,556.4,0.1,5456.0584,2.982,0.047,7.89,0.05,C,10/24/24
38,556.4,0.1,5456.0584,2.947,0.042,7.89,0.05,C,10/24/24
39,556.4,0.1,5456.0584,2.928,0.063,7.89,0.05,C,10/24/24
40,556.4,0.1,5456.0584,2.878,0.041,7.89,0.05,C,10/24/24
41,956.4,1,9378.4584,4.5,0.01,7.89,0.05,B,10/24/24
42,956.4,1,9378.4584,4.156,0.01,7.89,0.05,B,10/24/24
43,956.4,1,9378.4584,4.175,0.01,7.89,0.05,B,10/24/24
44,956.4,1,9378.4584,4.107,0.01,7.89,0.05,B,10/24/24
45,956.4,1,9378.4584,4.422,0.01,7.89,0.05,B,10/24/24
46,956.4,1,9378.4584,3.786,0.072,7.89,0.05,C,10/24/24
47,956.4,1,9378.4584,3.825,0.061,7.89,0.05,C,10/24/24
48,956.4,1,9378.4584,3.901,0.079,7.89,0.05,C,10/24/24
49,956.4,1,9378.4584,3.891,0.097,7.89,0.05,C,10/24/24
50,956.4,1,9378.4584,3.784,0.049,7.89,0.05,C,10/24/24
51,5556.4,10,54486.0584,20.35,0.05,7.89,0.05,B,10/24/24
52,5556.4,10,54486.0584,23.62,0.05,7.89,0.05,B,10/24/24
53,5556.4,10,54486.0584,23.22,0.05,7.89,0.05,B,10/24/24
54,5556.4,10,54486.0584,23.07,0.05,7.89,0.05,B,10/24/24
55,5556.4,10,54486.0584,22.5,0.05,7.89,0.05,B,10/24/24
56,5556.4,10,54486.0584,15,0.318,7.89,0.05,C,10/24/24
57,5556.4,10,54486.0584,14.91,0.142,7.89,0.05,C,10/24/24
58,5556.4,10,54486.0584,14.932,0.231,7.89,0.05,C,10/24/24
59,5556.4,10,54486.0584,14.921,0.218,7.89,0.05,C,10/24/24
60,5556.4,10,54486.0584,15.327,0.355,7.89,0.05,C,10/24/24
61,556.4,0.1,5456.0584,1.6,0.1,0,0.05,B,10/31/24
62,556.4,0.1,5456.0584,1.8,0.1,0,0.05,B,10/31/24
63,556.4,0.1,5456.0584,1.8,0.1,0,0.05,B,10/31/24
64,556.4,0.1,5456.0584,1.7,0.1,0,0.05,B,10/31/24
65,556.4,0.1,5456.0584,1.6,0.1,0,0.05,B,10/31/24
66,556.4,0.1,5456.0584,1.45,0.1,0,0.05,B,10/31/24
67,556.4,0.1,5456.0584,1.7,0.1,0,0.05,B,10/31/24
68,556.4,0.1,5456.0584,1.8,0.1,0,0.05,B,10/31/24
69,556.4,0.1,5456.0584,1.7,0.1,0,0.05,B,10/31/24
70,556.4,0.1,5456.0584,1.6,0.1,0,0.05,B,10/31/24
71,556.4,0.1,5456.0584,1.8,0.1,0,0.05,B,10/31/24
72,556.4,0.1,5456.0584,1.8,0.1,0,0.05,B,10/31/24
73,556.4,0.1,5456.0584,1.8,0.1,0,0.05,B,10/31/24
74,556.4,0.1,5456.0584,1.8,0.1,0,0.05,B,10/31/24
75,556.4,0.1,5456.0584,1.7,0.1,0,0.05,B,10/31/24
76,556.4,0.1,5456.0584,1.7,0.1,0,0.05,B,10/31/24
77,556.4,0.1,5456.0584,1.7,0.1,0,0.05,B,10/31/24
78,556.4,0.1,5456.0584,1.7,0.1,0,0.05,B,10/31/24
79,556.4,0.1,5456.0584,1.7,0.1,0,0.05,B,10/31/24
80,556.4,0.1,5456.0584,1.7,0.1,0,0.05,B,10/31/24
81,556.4,0.1,5456.0584,1.8,0.1,0,0.05,B,10/31/24
82,556.4,0.1,5456.0584,1.7,0.1,0,0.05,B,10/31/24
83,556.4,0.1,5456.0584,1.6,0.1,0,0.05,B,10/31/24
84,556.4,0.1,5456.0584,1.5,0.1,0,0.05,B,10/31/24
85,556.4,0.1,5456.0584,1.7,0.1,0,0.05,B,10/31/24
86,556.4,0.1,5456.0584,1.7,0.1,0,0.05,B,10/31/24
87,556.4,0.1,5456.0584,1.7,0.1,0,0.05,B,10/31/24
88,556.4,0.1,5456.0584,1.7,0.1,0,0.05,B,10/31/24
89,556.4,0.1,5456.0584,1.6,0.1,0,0.05,B,10/31/24
90,556.4,0.1,5456.0584,1.6,0.1,0,0.05,B,10/31/24
91,556.4,0.1,5456.0584,1.7,0.1,0,0.05,B,10/31/24
92,556.4,0.1,5456.0584,1.7,0.1,0,0.05,B,10/31/24
93,556.4,0.1,5456.0584,1.6,0.1,0,0.05,B,10/31/24
94,556.4,0.1,5456.0584,1.8,0.1,0,0.05,B,10/31/24
95,556.4,0.1,5456.0584,1.7,0.1,0,0.05,B,10/31/24
96,556.4,0.1,5456.0584,1.6,0.1,0,0.05,B,10/31/24
97,556.4,0.1,5456.0584,1.7,0.1,0,0.05,B,10/31/24
98,556.4,0.1,5456.0584,1.7,0.1,0,0.05,B,10/31/24
99,556.4,0.1,5456.0584,1.8,0.1,0,0.05,B,10/31/24
100,556.4,0.1,5456.0584,1.9,0.1,0,0.05,B,10/31/24
101,556.4,0.1,5456.0584,1.9,0.1,0,0.05,B,10/31/24
102,556.4,0.1,5456.0584,1.8,0.1,0,0.05,B,10/31/24
103,556.4,0.1,5456.0584,1.8,0.1,0,0.05,B,10/31/24
104,556.4,0.1,5456.0584,1.9,0.1,0,0.05,B,10/31/24
105,556.4,0.1,5456.0584,1.8,0.1,0,0.05,B,10/31/24
106,556.4,0.1,5456.0584,1.8,0.1,0,0.05,B,10/31/24
107,556.4,0.1,5456.0584,1.8,0.1,0,0.05,B,10/31/24
108,556.4,0.1,5456.0584,1.7,0.1,0,0.05,B,10/31/24
109,556.4,0.1,5456.0584,1.7,0.1,0,0.05,B,10/31/24
110,556.4,0.1,5456.0584,1.7,0.1,0,0.05,B,10/31/24
111,556.4,0.1,5456.0584,1.7,0.1,0,0.05,B,10/31/24
112,556.4,0.1,5456.0584,1.8,0.1,0,0.05,B,10/31/24
113,556.4,0.1,5456.0584,1.7,0.1,0,0.05,B,10/31/24
114,556.4,0.1,5456.0584,1.7,0.1,0,0.05,B,10/31/24
115,556.4,0.1,5456.0584,1.6,0.1,0,0.05,B,10/31/24
116,556.4,0.1,5456.0584,1.7,0.1,0,0.05,B,10/31/24
117,556.4,0.1,5456.0584,1.5,0.1,0,0.05,B,10/31/24
118,556.4,0.1,5456.0584,1.6,0.1,0,0.05,B,10/31/24
119,556.4,0.1,5456.0584,1.5,0.1,0,0.05,B,10/31/24
120,556.4,0.1,5456.0584,1.5,0.1,0,0.05,B,10/31/24
121,556.4,0.1,5456.0584,2,0.1,0,0.05,B,10/31/24
122,556.4,0.1,5456.0584,1.7,0.1,0,0.05,B,10/31/24
123,556.4,0.1,5456.0584,1.6,0.1,0,0.05,B,10/31/24
124,556.4,0.1,5456.0584,1.8,0.1,0,0.05,B,10/31/24
125,556.4,0.1,5456.0584,1.7,0.1,0,0.05,B,10/31/24
126,556.4,0.1,5456.0584,1.6,0.1,0,0.05,B,10/31/24
127,556.4,0.1,5456.0584,2,0.1,0,0.05,B,10/31/24
128,556.4,0.1,5456.0584,1.9,0.1,0,0.05,B,10/31/24
129,556.4,0.1,5456.0584,1.9,0.1,0,0.05,B,10/31/24
130,556.4,0.1,5456.0584,2.2,0.1,0,0.05,B,10/31/24
131,556.4,0.1,5456.0584,2.1,0.1,0,0.05,B,10/31/24
132,556.4,0.1,5456.0584,1.6,0.1,0,0.05,B,10/31/24
133,556.4,0.1,5456.0584,1.6,0.1,0,0.05,B,10/31/24
134,556.4,0.1,5456.0584,1.5,0.1,0,0.05,B,10/31/24
135,556.4,0.1,5456.0584,1.5,0.1,0,0.05,B,10/31/24
136,556.4,0.1,5456.0584,1.4,0.1,0,0.05,B,10/31/24
137,556.4,0.1,5456.0584,1.6,0.1,0,0.05,B,10/31/24
138,556.4,0.1,5456.0584,2,0.1,0,0.05,B,10/31/24
139,556.4,0.1,5456.0584,1.8,0.1,0,0.05,B,10/31/24
140,556.4,0.1,5456.0584,1.8,0.1,0,0.05,B,10/31/24
141,556.4,0.1,5456.0584,1.9,0.1,0,0.05,B,10/31/24
142,556.4,0.1,5456.0584,2.2,0.1,0,0.05,B,10/31/24
143,556.4,0.1,5456.0584,1.8,0.1,0,0.05,B,10/31/24
144,556.4,0.1,5456.0584,2,0.1,0,0.05,B,10/31/24
145,556.4,0.1,5456.0584,2,0.1,0,0.05,B,10/31/24
146,556.4,0.1,5456.0584,1.9,0.1,0,0.05,B,10/31/24
147,556.4,0.1,5456.0584,2.1,0.1,0,0.05,B,10/31/24
148,556.4,0.1,5456.0584,2.1,0.1,0,0.05,B,10/31/24
149,556.4,0.1,5456.0584,2,0.1,0,0.05,B,10/31/24
150,556.4,0.1,5456.0584,1.9,0.1,0,0.05,B,10/31/24
151,556.4,0.1,5456.0584,1.8,0.1,0,0.05,B,10/31/24
152,556.4,0.1,5456.0584,1.8,0.1,0,0.05,B,10/31/24
153,556.4,0.1,5456.0584,1.8,0.1,0,0.05,B,10/31/24
154,556.4,0.1,5456.0584,1.8,0.1,0,0.05,B,10/31/24
155,556.4,0.1,5456.0584,1.9,0.1,0,0.05,B,10/31/24
156,556.4,0.1,5456.0584,2,0.1,0,0.05,B,10/31/24
157,556.4,0.1,5456.0584,2,0.1,0,0.05,B,10/31/24
158,556.4,0.1,5456.0584,2.1,0.1,0,0.05,B,10/31/24
159,556.4,0.1,5456.0584,1.8,0.1,0,0.05,B,10/31/24
160,556.4,0.1,5456.0584,1.7,0.1,0,0.05,B,10/31/24
161,556.4,0.1,5456.0584,1.1,0.1,0,0.05,C,10/31/24
162,556.4,0.1,5456.0584,1,0.1,0,0.05,C,10/31/24
163,556.4,0.1,5456.0584,0.9,0.1,0,0.05,C,10/31/24
164,556.4,0.1,5456.0584,1,0.1,0,0.05,C,10/31/24
165,556.4,0.1,5456.0584,0.9,0.1,0,0.05,C,10/31/24
166,556.4,0.1,5456.0584,0.9,0.1,0,0.05,C,10/31/24
167,556.4,0.1,5456.0584,0.9,0.1,0,0.05,C,10/31/24
168,556.4,0.1,5456.0584,1,0.1,0,0.05,C,10/31/24
169,556.4,0.1,5456.0584,0.9,0.1,0,0.05,C,10/31/24
170,556.4,0.1,5456.0584,0.9,0.1,0,0.05,C,10/31/24
171,556.4,0.1,5456.0584,0.9,0.1,0,0.05,C,10/31/24
172,556.4,0.1,5456.0584,0.9,0.1,0,0.05,C,10/31/24
173,556.4,0.1,5456.0584,1,0.1,0,0.05,C,10/31/24
174,556.4,0.1,5456.0584,1,0.1,0,0.05,C,10/31/24
175,556.4,0.1,5456.0584,0.9,0.1,0,0.05,C,10/31/24
176,556.4,0.1,5456.0584,0.9,0.1,0,0.05,C,10/31/24
177,956.4,1,9378.4584,3,0.1,0,0.05,B,10/31/24
178,956.4,1,9378.4584,2.8,0.1,0,0.05,B,10/31/24
179,956.4,1,9378.4584,3.1,0.1,0,0.05,B,10/31/24
180,956.4,1,9378.4584,3.1,0.1,0,0.05,B,10/31/24
181,956.4,1,9378.4584,2.9,0.1,0,0.05,B,10/31/24
182,956.4,1,9378.4584,3.1,0.1,0,0.05,B,10/31/24
183,956.4,1,9378.4584,3.3,0.1,0,0.05,B,10/31/24
184,956.4,1,9378.4584,2.8,0.1,0,0.05,B,10/31/24
185,956.4,1,9378.4584,2.8,0.1,0,0.05,B,10/31/24
186,956.4,1,9378.4584,2.6,0.1,0,0.05,B,10/31/24
187,956.4,1,9378.4584,2.8,0.1,0,0.05,B,10/31/24
188,956.4,1,9378.4584,2.8,0.1,0,0.05,B,10/31/24
189,956.4,1,9378.4584,3.2,0.1,0,0.05,B,10/31/24
190,956.4,1,9378.4584,2.7,0.1,0,0.05,B,10/31/24
191,956.4,1,9378.4584,2.8,0.1,0,0.05,B,10/31/24
192,956.4,1,9378.4584,2.9,0.1,0,0.05,B,10/31/24
193,956.4,1,9378.4584,1.5,0.1,0,0.05,C,10/31/24
194,956.4,1,9378.4584,1.5,0.1,0,0.05,C,10/31/24
195,956.4,1,9378.4584,1.5,0.1,0,0.05,C,10/31/24
196,956.4,1,9378.4584,1.4,0.1,0,0.05,C,10/31/24
197,956.4,1,9378.4584,1.5,0.1,0,0.05,C,10/31/24
198,956.4,1,9378.4584,1.6,0.1,0,0.05,C,10/31/24
199,956.4,1,9378.4584,1.5,0.1,0,0.05,C,10/31/24
200,956.4,1,9378.4584,1.4,0.1,0,0.05,C,10/31/24
201,956.4,1,9378.4584,1.5,0.1,0,0.05,C,10/31/24
202,956.4,1,9378.4584,1.5,0.1,0,0.05,C,10/31/24
203,956.4,1,9378.4584,1.4,0.1,0,0.05,C,10/31/24
204,956.4,1,9378.4584,1.5,0.1,0,0.05,C,10/31/24
205,956.4,1,9378.4584,1.5,0.1,0,0.05,C,10/31/24
206,956.4,1,9378.4584,1.5,0.1,0,0.05,C,10/31/24
207,956.4,1,9378.4584,1.5,0.1,0,0.05,C,10/31/24
208,956.4,1,9378.4584,1.3,0.1,0,0.05,C,10/31/24
209,5556.4,10,54486.0584,17.5,0.5,0,0.05,B,10/31/24
210,5556.4,10,54486.0584,14.5,0.5,0,0.05,B,10/31/24
211,5556.4,10,54486.0584,17.3,0.5,0,0.05,B,10/31/24
212,5556.4,10,54486.0584,12,0.5,0,0.05,B,10/31/24
213,5556.4,10,54486.0584,12.5,0.5,0,0.05,B,10/31/24
214,5556.4,10,54486.0584,11.5,0.5,0,0.05,B,10/31/24
215,5556.4,10,54486.0584,16.5,0.5,0,0.05,B,10/31/24
216,5556.4,10,54486.0584,14,0.5,0,0.05,B,10/31/24
217,5556.4,10,54486.0584,16.5,0.5,0,0.05,B,10/31/24
218,5556.4,10,54486.0584,19,0.5,0,0.05,B,10/31/24
219,5556.4,10,54486.0584,18,0.5,0,0.05,B,10/31/24
220,5556.4,10,54486.0584,14.5,0.5,0,0.05,B,10/31/24
221,5556.4,10,54486.0584,18,0.5,0,0.05,B,10/31/24
222,5556.4,10,54486.0584,13,0.5,0,0.05,B,10/31/24
223,5556.4,10,54486.0584,16.5,0.5,0,0.05,B,10/31/24
224,5556.4,10,54486.0584,17,0.5,0,0.05,B,10/31/24
225,5556.4,10,54486.0584,15.5,0.5,0,0.05,B,10/31/24
226,5556.4,10,54486.0584,14,0.5,0,0.05,B,10/31/24
227,5556.4,10,54486.0584,13.5,0.5,0,0.05,B,10/31/24
228,5556.4,10,54486.0584,15,0.5,0,0.05,B,10/31/24
229,5556.4,10,54486.0584,15.5,0.5,0,0.05,B,10/31/24
230,5556.4,10,54486.0584,14.5,0.5,0,0.05,B,10/31/24
231,5556.4,10,54486.0584,14,0.5,0,0.05,B,10/31/24
232,5556.4,10,54486.0584,16,0.5,0,0.05,B,10/31/24
233,5556.4,10,54486.0584,15.5,0.5,0,0.05,B,10/31/24
234,5556.4,10,54486.0584,10,0.5,0,0.05,C,10/31/24
235,5556.4,10,54486.0584,10,0.5,0,0.05,C,10/31/24
236,5556.4,10,54486.0584,11,0.5,0,0.05,C,10/31/24
237,5556.4,10,54486.0584,9.5,0.5,0,0.05,C,10/31/24
238,5556.4,10,54486.0584,7.5,0.5,0,0.05,C,10/31/24
239,5556.4,10,54486.0584,10.5,0.5,0,0.05,C,10/31/24
240,5556.4,10,54486.0584,9,0.5,0,0.05,C,10/31/24
241,5556.4,10,54486.0584,8.5,0.5,0,0.05,C,10/31/24
242,5556.4,10,54486.0584,9.5,0.5,0,0.05,C,10/31/24
243,5556.4,10,54486.0584,9.5,0.5,0,0.05,C,10/31/24
244,5556.4,10,54486.0584,9.5,0.5,0,0.05,C,10/31/24
245,5556.4,10,54486.0584,9,0.5,0,0.05,C,10/31/24
246,5556.4,10,54486.0584,10,0.5,0,0.05,C,10/31/24
247,5556.4,10,54486.0584,9.5,0.5,0,0.05,C,10/31/24
248,5556.4,10,54486.0584,10,0.5,0,0.05,C,10/31/24
249,5556.4,10,54486.0584,9.5,0.5,0,0.05,C,10/31/24
250,10556.4,10,103516.0584,45,2.5,0,0.05,B,10/31/24
251,10556.4,10,103516.0584,40,2.5,0,0.05,B,10/31/24
252,10556.4,10,103516.0584,37,2.5,0,0.05,B,10/31/24
253,10556.4,10,103516.0584,35,2.5,0,0.05,B,10/31/24
254,10556.4,10,103516.0584,43,2.5,0,0.05,B,10/31/24
255,10556.4,10,103516.0584,43,2.5,0,0.05,B,10/31/24
256,10556.4,10,103516.0584,40,2.5,0,0.05,B,10/31/24
257,10556.4,10,103516.0584,40,2.5,0,0.05,B,10/31/24
258,10556.4,10,103516.0584,40,2.5,0,0.05,B,10/31/24
259,10556.4,10,103516.0584,40,2.5,0,0.05,B,10/31/24
260,10556.4,10,103516.0584,37,2.5,0,0.05,B,10/31/24
261,10556.4,10,103516.0584,40,2.5,0,0.05,B,10/31/24
262,10556.4,10,103516.0584,40,2.5,0,0.05,B,10/31/24
263,10556.4,10,103516.0584,36,2.5,0,0.05,B,10/31/24
264,10556.4,10,103516.0584,37,2.5,0,0.05,B,10/31/24
265,10556.4,10,103516.0584,35,2.5,0,0.05,B,10/31/24
266,10556.4,10,103516.0584,25,2.5,0,0.05,C,10/31/24
267,10556.4,10,103516.0584,23,2.5,0,0.05,C,10/31/24
268,10556.4,10,103516.0584,23,2.5,0,0.05,C,10/31/24
269,10556.4,10,103516.0584,25,2.5,0,0.05,C,10/31/24
270,10556.4,10,103516.0584,25,2.5,0,0.05,C,10/31/24
271,10556.4,10,103516.0584,23,2.5,0,0.05,C,10/31/24
272,10556.4,10,103516.0584,25,2.5,0,0.05,C,10/31/24
273,10556.4,10,103516.0584,23,2.5,0,0.05,C,10/31/24
274,10556.4,10,103516.0584,23,2.5,0,0.05,C,10/31/24
275,10556.4,10,103516.0584,25,2.5,0,0.05,C,10/31/24
276,10556.4,10,103516.0584,25,2.5,0,0.05,C,10/31/24
277,10556.4,10,103516.0584,24,2.5,0,0.05,C,10/31/24
278,10556.4,10,103516.0584,25,2.5,0,0.05,C,10/31/24
279,10556.4,10,103516.0584,25,2.5,0,0.05,C,10/31/24
280,10556.4,10,103516.0584,24,2.5,0,0.05,C,10/31/24
281,10556.4,10,103516.0584,24,2.5,0,0.05,C,10/31/24
282,556.4,0.1,5456.0584,2.9,0.1,7.86,0.05,B,10/31/24
283,556.4,0.1,5456.0584,2.5,0.1,7.86,0.05,B,10/31/24
284,556.4,0.1,5456.0584,2.7,0.1,7.86,0.05,B,10/31/24
285,556.4,0.1,5456.0584,2.4,0.1,7.86,0.05,B,10/31/24
286,556.4,0.1,5456.0584,2.4,0.1,7.86,0.05,B,10/31/24
287,556.4,0.1,5456.0584,2.3,0.1,7.86,0.05,B,10/31/24
288,556.4,0.1,5456.0584,2.3,0.1,7.86,0.05,B,10/31/24
289,556.4,0.1,5456.0584,2.2,0.1,7.86,0.05,B,10/31/24
290,556.4,0.1,5456.0584,2.2,0.1,7.86,0.05,B,10/31/24
291,556.4,0.1,5456.0584,2.2,0.1,7.86,0.05,B,10/31/24
292,556.4,0.1,5456.0584,2.2,0.1,7.86,0.05,B,10/31/24
293,556.4,0.1,5456.0584,2.1,0.1,7.86,0.05,B,10/31/24
294,556.4,0.1,5456.0584,2.4,0.1,7.86,0.05,B,10/31/24
295,556.4,0.1,5456.0584,2.8,0.1,7.86,0.05,B,10/31/24
296,556.4,0.1,5456.0584,2.4,0.1,7.86,0.05,B,10/31/24
297,556.4,0.1,5456.0584,2.3,0.1,7.86,0.05,B,10/31/24
298,556.4,0.1,5456.0584,1.7,0.1,7.86,0.05,C,10/31/24
299,556.4,0.1,5456.0584,1.6,0.1,7.86,0.05,C,10/31/24
300,556.4,0.1,5456.0584,1.6,0.1,7.86,0.05,C,10/31/24
301,556.4,0.1,5456.0584,1.6,0.1,7.86,0.05,C,10/31/24
302,556.4,0.1,5456.0584,1.6,0.1,7.86,0.05,C,10/31/24
303,556.4,0.1,5456.0584,1.6,0.1,7.86,0.05,C,10/31/24
304,556.4,0.1,5456.0584,1.7,0.1,7.86,0.05,C,10/31/24
305,556.4,0.1,5456.0584,1.6,0.1,7.86,0.05,C,10/31/24
306,556.4,0.1,5456.0584,1.6,0.1,7.86,0.05,C,10/31/24
307,556.4,0.1,5456.0584,1.7,0.1,7.86,0.05,C,10/31/24
308,556.4,0.1,5456.0584,1.7,0.1,7.86,0.05,C,10/31/24
309,556.4,0.1,5456.0584,1.6,0.1,7.86,0.05,C,10/31/24
310,556.4,0.1,5456.0584,1.6,0.1,7.86,0.05,C,10/31/24
311,556.4,0.1,5456.0584,1.6,0.1,7.86,0.05,C,10/31/24
312,556.4,0.1,5456.0584,1.6,0.1,7.86,0.05,C,10/31/24
313,556.4,0.1,5456.0584,1.6,0.1,7.86,0.05,C,10/31/24
314,956.4,1,9378.4584,3.5,0.1,7.86,0.05,B,10/31/24
315,956.4,1,9378.4584,3.3,0.1,7.86,0.05,B,10/31/24
316,956.4,1,9378.4584,3.5,0.1,7.86,0.05,B,10/31/24
317,956.4,1,9378.4584,3.3,0.1,7.86,0.05,B,10/31/24
318,956.4,1,9378.4584,3.5,0.1,7.86,0.05,B,10/31/24
319,956.4,1,9378.4584,3.6,0.1,7.86,0.05,B,10/31/24
320,956.4,1,9378.4584,3.7,0.1,7.86,0.05,B,10/31/24
321,956.4,1,9378.4584,3.7,0.1,7.86,0.05,B,10/31/24
322,956.4,1,9378.4584,3.9,0.1,7.86,0.05,B,10/31/24
323,956.4,1,9378.4584,4,0.1,7.86,0.05,B,10/31/24
324,956.4,1,9378.4584,3.7,0.1,7.86,0.05,B,10/31/24
325,956.4,1,9378.4584,3.7,0.1,7.86,0.05,B,10/31/24
326,956.4,1,9378.4584,4.1,0.1,7.86,0.05,B,10/31/24
327,956.4,1,9378.4584,3.5,0.1,7.86,0.05,B,10/31/24
328,956.4,1,9378.4584,3.5,0.1,7.86,0.05,B,10/31/24
329,956.4,1,9378.4584,3.7,0.1,7.86,0.05,B,10/31/24
330,956.4,1,9378.4584,2.6,0.1,7.86,0.05,C,10/31/24
331,956.4,1,9378.4584,2.5,0.1,7.86,0.05,C,10/31/24
332,956.4,1,9378.4584,2.6,0.1,7.86,0.05,C,10/31/24
333,956.4,1,9378.4584,2.7,0.1,7.86,0.05,C,10/31/24
334,956.4,1,9378.4584,2.7,0.1,7.86,0.05,C,10/31/24
335,956.4,1,9378.4584,2.7,0.1,7.86,0.05,C,10/31/24
336,956.4,1,9378.4584,2.7,0.1,7.86,0.05,C,10/31/24
337,956.4,1,9378.4584,2.6,0.1,7.86,0.05,C,10/31/24
338,956.4,1,9378.4584,2.7,0.1,7.86,0.05,C,10/31/24
339,956.4,1,9378.4584,2.6,0.1,7.86,0.05,C,10/31/24
340,956.4,1,9378.4584,2.6,0.1,7.86,0.05,C,10/31/24
341,956.4,1,9378.4584,2.8,0.1,7.86,0.05,C,10/31/24
342,956.4,1,9378.4584,2.9,0.1,7.86,0.05,C,10/31/24
343,956.4,1,9378.4584,2.6,0.1,7.86,0.05,C,10/31/24
344,956.4,1,9378.4584,2.7,0.1,7.86,0.05,C,10/31/24
345,956.4,1,9378.4584,2.7,0.1,7.86,0.05,C,10/31/24
346,5556.4,10,54486.0584,25,2.5,7.86,0.05,B,10/31/24
347,5556.4,10,54486.0584,25,2.5,7.86,0.05,B,10/31/24
348,5556.4,10,54486.0584,27,2.5,7.86,0.05,B,10/31/24
349,5556.4,10,54486.0584,28,2.5,7.86,0.05,B,10/31/24
350,5556.4,10,54486.0584,29,2.5,7.86,0.05,B,10/31/24
351,5556.4,10,54486.0584,27,2.5,7.86,0.05,B,10/31/24
352,5556.4,10,54486.0584,30,2.5,7.86,0.05,B,10/31/24
353,5556.4,10,54486.0584,30,2.5,7.86,0.05,B,10/31/24
354,5556.4,10,54486.0584,30,2.5,7.86,0.05,B,10/31/24
355,5556.4,10,54486.0584,30,2.5,7.86,0.05,B,10/31/24
356,5556.4,10,54486.0584,30,2.5,7.86,0.05,B,10/31/24
357,5556.4,10,54486.0584,30,2.5,7.86,0.05,B,10/31/24
358,5556.4,10,54486.0584,31,2.5,7.86,0.05,B,10/31/24
359,5556.4,10,54486.0584,30,2.5,7.86,0.05,B,10/31/24
360,5556.4,10,54486.0584,29,2.5,7.86,0.05,B,10/31/24
361,5556.4,10,54486.0584,30,2.5,7.86,0.05,B,10/31/24
362,5556.4,10,54486.0584,30,2.5,7.86,0.05,B,10/31/24
363,5556.4,10,54486.0584,30,2.5,7.86,0.05,B,10/31/24
364,5556.4,10,54486.0584,31,2.5,7.86,0.05,B,10/31/24
365,5556.4,10,54486.0584,30,2.5,7.86,0.05,B,10/31/24
366,5556.4,10,54486.0584,30,2.5,7.86,0.05,B,10/31/24
367,5556.4,10,54486.0584,30,2.5,7.86,0.05,B,10/31/24
368,5556.4,10,54486.0584,20,2.5,7.86,0.05,C,10/31/24
369,5556.4,10,54486.0584,22,2.5,7.86,0.05,C,10/31/24
370,5556.4,10,54486.0584,21,2.5,7.86,0.05,C,10/31/24
371,5556.4,10,54486.0584,21,2.5,7.86,0.05,C,10/31/24
372,5556.4,10,54486.0584,21,2.5,7.86,0.05,C,10/31/24
373,5556.4,10,54486.0584,21,2.5,7.86,0.05,C,10/31/24
374,5556.4,10,54486.0584,21,2.5,7.86,0.05,C,10/31/24
375,5556.4,10,54486.0584,21,2.5,7.86,0.05,C,10/31/24
376,5556.4,10,54486.0584,21,2.5,7.86,0.05,C,10/31/24
377,5556.4,10,54486.0584,24,2.5,7.86,0.05,C,10/31/24
378,5556.4,10,54486.0584,22,2.5,7.86,0.05,C,10/31/24
379,5556.4,10,54486.0584,22,2.5,7.86,0.05,C,10/31/24
380,5556.4,10,54486.0584,22,2.5,7.86,0.05,C,10/31/24
381,10556.4,10,103516.0584,50,2.5,7.86,0.05,B,10/31/24
382,10556.4,10,103516.0584,50,2.5,7.86,0.05,B,10/31/24
383,10556.4,10,103516.0584,45,2.5,7.86,0.05,B,10/31/24
384,10556.4,10,103516.0584,40,2.5,7.86,0.05,B,10/31/24
385,10556.4,10,103516.0584,40,2.5,7.86,0.05,B,10/31/24
386,10556.4,10,103516.0584,43,2.5,7.86,0.05,B,10/31/24
387,10556.4,10,103516.0584,43,2.5,7.86,0.05,B,10/31/24
388,10556.4,10,103516.0584,45,2.5,7.86,0.05,B,10/31/24
389,10556.4,10,103516.0584,45,2.5,7.86,0.05,B,10/31/24
390,10556.4,10,103516.0584,45,2.5,7.86,0.05,B,10/31/24
391,10556.4,10,103516.0584,46,2.5,7.86,0.05,B,10/31/24
392,10556.4,10,103516.0584,45,2.5,7.86,0.05,B,10/31/24
393,10556.4,10,103516.0584,45,2.5,7.86,0.05,B,10/31/24
394,10556.4,10,103516.0584,47,2.5,7.86,0.05,B,10/31/24
395,10556.4,10,103516.0584,47,2.5,7.86,0.05,B,10/31/24
396,10556.4,10,103516.0584,44,2.5,7.86,0.05,B,10/31/24
397,10556.4,10,103516.0584,30,2.5,7.86,0.05,C,10/31/24
398,10556.4,10,103516.0584,30,2.5,7.86,0.05,C,10/31/24
399,10556.4,10,103516.0584,31,2.5,7.86,0.05,C,10/31/24
400,10556.4,10,103516.0584,31,2.5,7.86,0.05,C,10/31/24
401,10556.4,10,103516.0584,32,2.5,7.86,0.05,C,10/31/24
402,10556.4,10,103516.0584,33,2.5,7.86,0.05,C,10/31/24
403,10556.4,10,103516.0584,31,2.5,7.86,0.05,C,10/31/24
404,10556.4,10,103516.0584,30,2.5,7.86,0.05,C,10/31/24
405,10556.4,10,103516.0584,33,2.5,7.86,0.05,C,10/31/24
406,10556.4,10,103516.0584,32,2.5,7.86,0.05,C,10/31/24
407,10556.4,10,103516.0584,31,2.5,7.86,0.05,C,10/31/24
408,10556.4,10,103516.0584,31,2.5,7.86,0.05,C,10/31/24
409,10556.4,10,103516.0584,30,2.5,7.86,0.05,C,10/31/24
410,10556.4,10,103516.0584,31,2.5,7.86,0.05,C,10/31/24
411,10556.4,10,103516.0584,32,2.5,7.86,0.05,C,10/31/24
412,10556.4,10,103516.0584,30,2.5,7.86,0.05,C,10/31/24